image,l2_normal_paraphrased_6d,l2_normal_contradictory_6d,l2_normal_neutral_6d
img2.jpg,0.12829120457172394,0.11228113621473312,0.11132325232028961
img3.jpg,0.08803106099367142,0.05933160334825516,0.07963871210813522
img4.jpg,0.13520072400569916,0.2158140242099762,0.09899315983057022
img5.jpg,0.13922598958015442,0.12019244581460953,0.08745522052049637
test.jpg,0.12781457602977753,0.24373863637447357,0.09272824972867966
