experiment,group,n,avg_l2_normal_paraphrased_6d,avg_l2_normal_contradictory_6d,avg_l2_normal_neutral_6d,avg_cos_normal_paraphrased_6d,avg_cos_normal_contradictory_6d,avg_cos_normal_neutral_6d
manual40,initial,40,0.028126,0.042365,0.04533,0.678776,0.586046,0.425675
manual40,final,40,0.043141,0.05992,0.070772,0.480281,0.21904,-0.001856
auto50,initial,50,0.056164,0.069716,0.073405,0.483856,0.269209,0.170514
auto50,final,50,0.080668,0.093857,0.082103,0.386891,0.157202,0.22044
